{
    "box1": {
        "top_left": [
            429,
            427
        ],
        "top_right": [
            613,
            427
        ],
        "bottom_left": [
            429,
            473
        ],
        "bottom_right": [
            613,
            473
        ]
    },
    "box2": {
        "top_left": [
            521,
            504
        ],
        "top_right": [
            1846,
            504
        ],
        "bottom_left": [
            521,
            603
        ],
        "bottom_right": [
            1846,
            603
        ]
    },
    "box3": {
        "top_left": [
            426,
            640
        ],
        "top_right": [
            879,
            640
        ],
        "bottom_left": [
            426,
            691
        ],
        "bottom_right": [
            879,
            691
        ]
    },
    "box4": {
        "top_left": [
            521,
            731
        ],
        "top_right": [
            1057,
            731
        ],
        "bottom_left": [
            521,
            785
        ],
        "bottom_right": [
            1057,
            785
        ]
    },
    "box5": {
        "top_left": [
            521,
            787
        ],
        "top_right": [
            1920,
            787
        ],
        "bottom_left": [
            521,
            845
        ],
        "bottom_right": [
            1920,
            845
        ]
    },
    "box6": {
        "top_left": [
            429,
            885
        ],
        "top_right": [
            613,
            885
        ],
        "bottom_left": [
            429,
            932
        ],
        "bottom_right": [
            613,
            932
        ]
    },
    "box7": {
        "top_left": [
            521,
            969
        ],
        "top_right": [
            1856,
            969
        ],
        "bottom_left": [
            521,
            1083
        ],
        "bottom_right": [
            1856,
            1083
        ]
    },
    "box8": {
        "top_left": [
            457,
            1988
        ],
        "top_right": [
            1040,
            1988
        ],
        "bottom_left": [
            457,
            2034
        ],
        "bottom_right": [
            1040,
            2034
        ]
    },
    "box9": {
        "top_left": [
            457,
            2036
        ],
        "top_right": [
            1009,
            2036
        ],
        "bottom_left": [
            457,
            2072
        ],
        "bottom_right": [
            1009,
            2072
        ]
    },
    "box10": {
        "top_left": [
            510,
            2085
        ],
        "top_right": [
            938,
            2085
        ],
        "bottom_left": [
            510,
            2130
        ],
        "bottom_right": [
            938,
            2130
        ]
    },
    "box11": {
        "top_left": [
            510,
            2132
        ],
        "top_right": [
            1011,
            2132
        ],
        "bottom_left": [
            510,
            2174
        ],
        "bottom_right": [
            1011,
            2174
        ]
    },
    "box12": {
        "top_left": [
            458,
            2215
        ],
        "top_right": [
            897,
            2215
        ],
        "bottom_left": [
            458,
            2255
        ],
        "bottom_right": [
            897,
            2255
        ]
    }
}