{
    "box1": {
        "top_left": [
            871,
            426
        ],
        "top_right": [
            1270,
            426
        ],
        "bottom_left": [
            871,
            488
        ],
        "bottom_right": [
            1270,
            488
        ]
    },
    "box2": {
        "top_left": [
            668,
            493
        ],
        "top_right": [
            1473,
            493
        ],
        "bottom_left": [
            668,
            537
        ],
        "bottom_right": [
            1473,
            537
        ]
    },
    "box3": {
        "top_left": [
            425,
            571
        ],
        "top_right": [
            836,
            571
        ],
        "bottom_left": [
            425,
            621
        ],
        "bottom_right": [
            836,
            621
        ]
    },
    "box4": {
        "top_left": [
            521,
            650
        ],
        "top_right": [
            1845,
            650
        ],
        "bottom_left": [
            521,
            708
        ],
        "bottom_right": [
            1845,
            708
        ]
    },
    "box5": {
        "top_left": [
            429,
            735
        ],
        "top_right": [
            613,
            735
        ],
        "bottom_left": [
            429,
            781
        ],
        "bottom_right": [
            613,
            781
        ]
    },
    "box6": {
        "top_left": [
            521,
            805
        ],
        "top_right": [
            1848,
            805
        ],
        "bottom_left": [
            521,
            917
        ],
        "bottom_right": [
            1848,
            917
        ]
    },
    "box7": {
        "top_left": [
            425,
            935
        ],
        "top_right": [
            882,
            935
        ],
        "bottom_left": [
            425,
            985
        ],
        "bottom_right": [
            882,
            985
        ]
    },
    "box8": {
        "top_left": [
            521,
            1004
        ],
        "top_right": [
            1845,
            1004
        ],
        "bottom_left": [
            521,
            1058
        ],
        "bottom_right": [
            1845,
            1058
        ]
    },
    "box9": {
        "top_left": [
            426,
            1082
        ],
        "top_right": [
            573,
            1082
        ],
        "bottom_left": [
            426,
            1128
        ],
        "bottom_right": [
            573,
            1128
        ]
    },
    "box10": {
        "top_left": [
            521,
            1144
        ],
        "top_right": [
            1224,
            1144
        ],
        "bottom_left": [
            521,
            1198
        ],
        "bottom_right": [
            1224,
            1198
        ]
    },
    "box11": {
        "top_left": [
            522,
            1197
        ],
        "top_right": [
            1835,
            1197
        ],
        "bottom_left": [
            522,
            1251
        ],
        "bottom_right": [
            1835,
            1251
        ]
    },
    "box12": {
        "top_left": [
            1003,
            1308
        ],
        "top_right": [
            1138,
            1308
        ],
        "bottom_left": [
            1003,
            1360
        ],
        "bottom_right": [
            1138,
            1360
        ]
    },
    "box13": {
        "top_left": [
            681,
            1375
        ],
        "top_right": [
            1459,
            1375
        ],
        "bottom_left": [
            681,
            1419
        ],
        "bottom_right": [
            1459,
            1419
        ]
    },
    "box14": {
        "top_left": [
            426,
            1452
        ],
        "top_right": [
            754,
            1452
        ],
        "bottom_left": [
            426,
            1496
        ],
        "bottom_right": [
            754,
            1496
        ]
    },
    "box15": {
        "top_left": [
            521,
            1525
        ],
        "top_right": [
            1267,
            1525
        ],
        "bottom_left": [
            521,
            1576
        ],
        "bottom_right": [
            1267,
            1576
        ]
    },
    "box16": {
        "top_left": [
            521,
            1578
        ],
        "top_right": [
            1342,
            1578
        ],
        "bottom_left": [
            521,
            1629
        ],
        "bottom_right": [
            1342,
            1629
        ]
    },
    "box17": {
        "top_left": [
            521,
            1634
        ],
        "top_right": [
            1804,
            1634
        ],
        "bottom_left": [
            521,
            1745
        ],
        "bottom_right": [
            1804,
            1745
        ]
    },
    "box18": {
        "top_left": [
            425,
            1772
        ],
        "top_right": [
            572,
            1772
        ],
        "bottom_left": [
            425,
            1817
        ],
        "bottom_right": [
            572,
            1817
        ]
    },
    "box19": {
        "top_left": [
            521,
            1840
        ],
        "top_right": [
            1042,
            1840
        ],
        "bottom_left": [
            521,
            1895
        ],
        "bottom_right": [
            1042,
            1895
        ]
    },
    "box20": {
        "top_left": [
            521,
            1893
        ],
        "top_right": [
            1919,
            1893
        ],
        "bottom_left": [
            521,
            2066
        ],
        "bottom_right": [
            1919,
            2066
        ]
    },
    "box21": {
        "top_left": [
            457,
            2215
        ],
        "top_right": [
            890,
            2215
        ],
        "bottom_left": [
            457,
            2255
        ],
        "bottom_right": [
            890,
            2255
        ]
    },
    "box22": {
        "top_left": [
            1054,
            2317
        ],
        "top_right": [
            1090,
            2317
        ],
        "bottom_left": [
            1054,
            2348
        ],
        "bottom_right": [
            1090,
            2348
        ]
    }
}