{
    "box1": {
        "top_left": [
            425,
            440
        ],
        "top_right": [
            607,
            440
        ],
        "bottom_left": [
            425,
            476
        ],
        "bottom_right": [
            607,
            476
        ]
    },
    "box2": {
        "top_left": [
            482,
            506
        ],
        "top_right": [
            1835,
            506
        ],
        "bottom_left": [
            482,
            610
        ],
        "bottom_right": [
            1835,
            610
        ]
    },
    "box3": {
        "top_left": [
            426,
            653
        ],
        "top_right": [
            606,
            653
        ],
        "bottom_left": [
            426,
            690
        ],
        "bottom_right": [
            606,
            690
        ]
    },
    "box4": {
        "top_left": [
            525,
            731
        ],
        "top_right": [
            1084,
            731
        ],
        "bottom_left": [
            525,
            836
        ],
        "bottom_right": [
            1084,
            836
        ]
    },
    "box5": {
        "top_left": [
            521,
            833
        ],
        "top_right": [
            1027,
            833
        ],
        "bottom_left": [
            521,
            887
        ],
        "bottom_right": [
            1027,
            887
        ]
    },
    "box6": {
        "top_left": [
            521,
            891
        ],
        "top_right": [
            1835,
            891
        ],
        "bottom_left": [
            521,
            948
        ],
        "bottom_right": [
            1835,
            948
        ]
    },
    "box7": {
        "top_left": [
            426,
            993
        ],
        "top_right": [
            711,
            993
        ],
        "bottom_left": [
            426,
            1041
        ],
        "bottom_right": [
            711,
            1041
        ]
    },
    "box8": {
        "top_left": [
            521,
            1081
        ],
        "top_right": [
            1379,
            1081
        ],
        "bottom_left": [
            521,
            1135
        ],
        "bottom_right": [
            1379,
            1135
        ]
    },
    "box9": {
        "top_left": [
            520,
            1140
        ],
        "top_right": [
            1828,
            1140
        ],
        "bottom_left": [
            520,
            1304
        ],
        "bottom_right": [
            1828,
            1304
        ]
    },
    "box10": {
        "top_left": [
            426,
            1349
        ],
        "top_right": [
            742,
            1349
        ],
        "bottom_left": [
            426,
            1398
        ],
        "bottom_right": [
            742,
            1398
        ]
    },
    "box11": {
        "top_left": [
            521,
            1428
        ],
        "top_right": [
            1263,
            1428
        ],
        "bottom_left": [
            521,
            1539
        ],
        "bottom_right": [
            1263,
            1539
        ]
    },
    "box12": {
        "top_left": [
            521,
            1537
        ],
        "top_right": [
            1191,
            1537
        ],
        "bottom_left": [
            521,
            1594
        ],
        "bottom_right": [
            1191,
            1594
        ]
    },
    "box13": {
        "top_left": [
            521,
            1586
        ],
        "top_right": [
            1968,
            1586
        ],
        "bottom_left": [
            521,
            1642
        ],
        "bottom_right": [
            1968,
            1642
        ]
    },
    "box14": {
        "top_left": [
            457,
            1872
        ],
        "top_right": [
            830,
            1872
        ],
        "bottom_left": [
            457,
            1909
        ],
        "bottom_right": [
            830,
            1909
        ]
    },
    "box15": {
        "top_left": [
            457,
            1911
        ],
        "top_right": [
            974,
            1911
        ],
        "bottom_left": [
            457,
            1991
        ],
        "bottom_right": [
            974,
            1991
        ]
    },
    "box16": {
        "top_left": [
            457,
            1994
        ],
        "top_right": [
            1009,
            1994
        ],
        "bottom_left": [
            457,
            2030
        ],
        "bottom_right": [
            1009,
            2030
        ]
    },
    "box17": {
        "top_left": [
            456,
            2040
        ],
        "top_right": [
            1200,
            2040
        ],
        "bottom_left": [
            456,
            2224
        ],
        "bottom_right": [
            1200,
            2224
        ]
    },
    "box18": {
        "top_left": [
            1054,
            2318
        ],
        "top_right": [
            1089,
            2318
        ],
        "bottom_left": [
            1054,
            2346
        ],
        "bottom_right": [
            1089,
            2346
        ]
    }
}