{
    "box1": {
        "top_left": [
            905,
            662
        ],
        "top_right": [
            1243,
            662
        ],
        "bottom_left": [
            905,
            768
        ],
        "bottom_right": [
            1243,
            768
        ]
    },
    "box2": {
        "top_left": [
            966,
            908
        ],
        "top_right": [
            1171,
            908
        ],
        "bottom_left": [
            966,
            957
        ],
        "bottom_right": [
            1171,
            957
        ]
    },
    "box3": {
        "top_left": [
            866,
            972
        ],
        "top_right": [
            1275,
            972
        ],
        "bottom_left": [
            866,
            1016
        ],
        "bottom_right": [
            1275,
            1016
        ]
    },
    "box4": {
        "top_left": [
            426,
            1053
        ],
        "top_right": [
            885,
            1053
        ],
        "bottom_left": [
            426,
            1104
        ],
        "bottom_right": [
            885,
            1104
        ]
    },
    "box5": {
        "top_left": [
            521,
            1129
        ],
        "top_right": [
            1316,
            1129
        ],
        "bottom_left": [
            521,
            1250
        ],
        "bottom_right": [
            1316,
            1250
        ]
    },
    "box6": {
        "top_left": [
            524,
            1263
        ],
        "top_right": [
            1239,
            1263
        ],
        "bottom_left": [
            524,
            1317
        ],
        "bottom_right": [
            1239,
            1317
        ]
    },
    "box7": {
        "top_left": [
            524,
            1319
        ],
        "top_right": [
            1835,
            1319
        ],
        "bottom_left": [
            524,
            1373
        ],
        "bottom_right": [
            1835,
            1373
        ]
    },
    "box8": {
        "top_left": [
            429,
            1407
        ],
        "top_right": [
            613,
            1407
        ],
        "bottom_left": [
            429,
            1453
        ],
        "bottom_right": [
            613,
            1453
        ]
    },
    "box9": {
        "top_left": [
            521,
            1494
        ],
        "top_right": [
            1246,
            1494
        ],
        "bottom_left": [
            521,
            1650
        ],
        "bottom_right": [
            1246,
            1650
        ]
    },
    "box10": {
        "top_left": [
            521,
            1652
        ],
        "top_right": [
            1968,
            1652
        ],
        "bottom_left": [
            521,
            1710
        ],
        "bottom_right": [
            1968,
            1710
        ]
    },
    "box11": {
        "top_left": [
            1003,
            1763
        ],
        "top_right": [
            1137,
            1763
        ],
        "bottom_left": [
            1003,
            1822
        ],
        "bottom_right": [
            1137,
            1822
        ]
    },
    "box12": {
        "top_left": [
            698,
            1829
        ],
        "top_right": [
            1443,
            1829
        ],
        "bottom_left": [
            698,
            1873
        ],
        "bottom_right": [
            1443,
            1873
        ]
    },
    "box13": {
        "top_left": [
            425,
            1912
        ],
        "top_right": [
            819,
            1912
        ],
        "bottom_left": [
            425,
            1961
        ],
        "bottom_right": [
            819,
            1961
        ]
    },
    "box14": {
        "top_left": [
            521,
            2001
        ],
        "top_right": [
            1408,
            2001
        ],
        "bottom_left": [
            521,
            2055
        ],
        "bottom_right": [
            1408,
            2055
        ]
    },
    "box15": {
        "top_left": [
            521,
            2057
        ],
        "top_right": [
            1845,
            2057
        ],
        "bottom_left": [
            521,
            2117
        ],
        "bottom_right": [
            1845,
            2117
        ]
    },
    "box16": {
        "top_left": [
            456,
            2149
        ],
        "top_right": [
            832,
            2149
        ],
        "bottom_left": [
            456,
            2188
        ],
        "bottom_right": [
            832,
            2188
        ]
    },
    "box17": {
        "top_left": [
            457,
            2189
        ],
        "top_right": [
            920,
            2189
        ],
        "bottom_left": [
            457,
            2225
        ],
        "bottom_right": [
            920,
            2225
        ]
    },
    "box18": {
        "top_left": [
            1054,
            2318
        ],
        "top_right": [
            1087,
            2318
        ],
        "bottom_left": [
            1054,
            2346
        ],
        "bottom_right": [
            1087,
            2346
        ]
    }
}