{
    "box1": {
        "top_left": [
            877,
            662
        ],
        "top_right": [
            1265,
            662
        ],
        "bottom_left": [
            877,
            771
        ],
        "bottom_right": [
            1265,
            771
        ]
    },
    "box2": {
        "top_left": [
            888,
            772
        ],
        "top_right": [
            1253,
            772
        ],
        "bottom_left": [
            888,
            817
        ],
        "bottom_right": [
            1253,
            817
        ]
    },
    "box3": {
        "top_left": [
            426,
            953
        ],
        "top_right": [
            938,
            953
        ],
        "bottom_left": [
            426,
            1002
        ],
        "bottom_right": [
            938,
            1002
        ]
    },
    "box4": {
        "top_left": [
            521,
            1041
        ],
        "top_right": [
            1394,
            1041
        ],
        "bottom_left": [
            521,
            1146
        ],
        "bottom_right": [
            1394,
            1146
        ]
    },
    "box5": {
        "top_left": [
            521,
            1158
        ],
        "top_right": [
            1804,
            1158
        ],
        "bottom_left": [
            521,
            1275
        ],
        "bottom_right": [
            1804,
            1275
        ]
    },
    "box6": {
        "top_left": [
            429,
            1316
        ],
        "top_right": [
            613,
            1316
        ],
        "bottom_left": [
            429,
            1362
        ],
        "bottom_right": [
            613,
            1362
        ]
    },
    "box7": {
        "top_left": [
            521,
            1403
        ],
        "top_right": [
            1057,
            1403
        ],
        "bottom_left": [
            521,
            1454
        ],
        "bottom_right": [
            1057,
            1454
        ]
    },
    "box8": {
        "top_left": [
            521,
            1459
        ],
        "top_right": [
            1028,
            1459
        ],
        "bottom_left": [
            521,
            1510
        ],
        "bottom_right": [
            1028,
            1510
        ]
    },
    "box9": {
        "top_left": [
            521,
            1511
        ],
        "top_right": [
            1114,
            1511
        ],
        "bottom_left": [
            521,
            1569
        ],
        "bottom_right": [
            1114,
            1569
        ]
    },
    "box10": {
        "top_left": [
            521,
            1570
        ],
        "top_right": [
            1919,
            1570
        ],
        "bottom_left": [
            521,
            1625
        ],
        "bottom_right": [
            1919,
            1625
        ]
    },
    "box11": {
        "top_left": [
            1054,
            2319
        ],
        "top_right": [
            1090,
            2319
        ],
        "bottom_left": [
            1054,
            2347
        ],
        "bottom_right": [
            1090,
            2347
        ]
    }
}